neutral,15 Most Expensive Smartphones On The Market
positive,"""Apple Is So Big Its Almost Eclipsing Frances Stock Market"""
positive,Tight-Lipped Magnificent Seven Stock Breaks Out Amid Rumors
positive,Apple's iPhone 15 Pro unleashes 3D memories on Vision Pro
positive,Best Dow Jones Stocks To Buy And Watch In December 2023: Microsoft Sells Off
neutral,Best Monitor for MacBook Pro
positive,12 Best Growth Stocks to Buy Today According to Billionaire Ken Fisher
positive,11 Best Robinhood Stocks According to Billionaires
positive,How Apple finally cracked the India marketat exactly the right time
positive,PayPal Is a Huge Value Opportunity With Growth Risks
positive,Amazon Wins Top EU Court Clash Over 250 Million Tax Bill
positive,Apple Stock Looks Set to Break Through $200. 3 Reasons It Can Rise Further.
neutral,Where Will Apple Stock Be in 5 Years?
negative,"""EU demands answers from Apple Google on app store risks"""
positive,5 Best Reddit Stocks According to Billionaires
negative,What Googles antitrust defeat means for the app economy
neutral,Top 30 Largest US Companies by 2023 Revenue
neutral,"""iPhone 15 review 3 months later: price performance design"""
neutral,"""MacBook Air MacBook Pro Buyer's Guide fall & winter 2023"""
positive,80% of Warren Buffett's $313 Billion Portfolio Is in Just 5 Stocks. Find Out What He Owns Now.
negative,"""UPDATE 1-EU asks Apple Google to clarify app store risk management"""
negative,"""EU asks Apple Google to clarify app store risk management"""
neutral,Q1 2024 Zedge Inc Earnings Call
positive,Markets Rejoice as Fed Doves Take Flight. Why Stocks Are Soaring.
positive,"""Got $1000? 4 Stocks to Buy Now While They're on Sale."" "
positive,The new chip race and iPads in Vietnam
negative,"""Beeper Mini is down for 5% of users but there's a fix"""
positive,LGD's new Strategic Customer division to emphasize Apple
neutral,What's In Store For Nvidia Stock In 2024?
negative,"""Google Losses Antitrust Case to Epic Games GM Digging Deeper CarPlay Hole"
positive,Apple stock closes at an all-time-high
positive,Apple Stock Closes at All-Time High
positive,Apple Stock Closes at an All-Time High. Its Added $1 Trillion in Market Value This Year.
positive,Apple Hits Record High While Big Tech Stocks Rally
positive,Epic Games won its antitrust battle with Google. But what comes next?
positive,Apple now requires court orders in U.S. to access push notification data
